Column,Value,Count,Proportion
cocoa_intercrop_1,1.0,755,0.5016611295681063
cocoa_intercrop_1,0.0,738,0.49036544850498337
cocoa_intercrop_1,,12,0.007973421926910298
cocoa_intercrop_2,,1072,0.7122923588039867
cocoa_intercrop_2,0.0,233,0.1548172757475083
cocoa_intercrop_2,1.0,200,0.132890365448505
cocoa_intercrop_3,,1410,0.9368770764119602
cocoa_intercrop_3,0.0,70,0.046511627906976744
cocoa_intercrop_3,1.0,25,0.016611295681063124
cocoa_intercrop_4,,1477,0.9813953488372092
cocoa_intercrop_4,0.0,20,0.013289036544850499
cocoa_intercrop_4,1.0,8,0.0053156146179402
cocoa_intercrop_5,,1499,0.9960132890365448
cocoa_intercrop_5,0.0,5,0.0033222591362126247
cocoa_intercrop_5,1.0,1,0.000664451827242525
cocoa_yn_1,1.0,1493,0.9920265780730897
cocoa_yn_1,0.0,12,0.007973421926910298
cocoa_yn_2,0.0,541,0.359468438538206
cocoa_yn_2,,530,0.3521594684385382
cocoa_yn_2,1.0,434,0.28837209302325584
cocoa_yn_3,,1062,0.7056478405315615
cocoa_yn_3,0.0,348,0.23122923588039868
cocoa_yn_3,1.0,95,0.06312292358803986
cocoa_yn_4,,1331,0.8843853820598007
cocoa_yn_4,0.0,146,0.09700996677740864
cocoa_yn_4,1.0,28,0.018604651162790697
cocoa_yn_5,,1426,0.9475083056478405
cocoa_yn_5,0.0,73,0.04850498338870432
cocoa_yn_5,1.0,6,0.003986710963455149
disease_loss_1,1.0,1071,0.7116279069767442
disease_loss_1,0.0,417,0.2770764119601329
disease_loss_1,,17,0.011295681063122924
disease_loss_2,,1074,0.7136212624584718
disease_loss_2,1.0,217,0.14418604651162792
disease_loss_2,0.0,214,0.14219269102990034
disease_loss_3,,1410,0.9368770764119602
disease_loss_3,0.0,58,0.038538205980066444
disease_loss_3,1.0,37,0.02458471760797342
disease_loss_4,,1477,0.9813953488372092
disease_loss_4,0.0,15,0.009966777408637873
disease_loss_4,1.0,13,0.008637873754152824
disease_loss_5,,1499,0.9960132890365448
disease_loss_5,1.0,3,0.0019933554817275745
disease_loss_5,0.0,3,0.0019933554817275745
doc_land_1,0.0,957,0.6358803986710964
doc_land_1,1.0,540,0.3588039867109635
doc_land_1,,8,0.0053156146179402
doc_land_2,0.0,663,0.440531561461794
doc_land_2,,535,0.3554817275747508
doc_land_2,1.0,307,0.20398671096345514
doc_land_3,,1065,0.707641196013289
doc_land_3,0.0,298,0.19800664451827243
doc_land_3,1.0,142,0.09435215946843854
doc_land_4,,1332,0.8850498338870432
doc_land_4,0.0,116,0.07707641196013289
doc_land_4,1.0,57,0.03787375415282392
doc_land_5,,1426,0.9475083056478405
doc_land_5,0.0,49,0.03255813953488372
doc_land_5,1.0,30,0.019933554817275746
farm_rights_1,10.0,447,0.29700996677740865
farm_rights_1,1.0,351,0.23322259136212625
farm_rights_1,8.0,190,0.12624584717607973
farm_rights_1,,166,0.11029900332225914
farm_rights_1,9.0,118,0.07840531561461794
farm_rights_1,6.0,72,0.04784053156146179
farm_rights_1,11.0,47,0.03122923588039867
farm_rights_1,4.0,36,0.023920265780730896
farm_rights_1,2.0,32,0.0212624584717608
farm_rights_1,97.0,22,0.014617940199335547
farm_rights_1,5.0,13,0.008637873754152824
farm_rights_1,3.0,6,0.003986710963455149
farm_rights_1,7.0,5,0.0033222591362126247
farm_rights_2,,687,0.4564784053156146
farm_rights_2,10.0,230,0.15282392026578073
farm_rights_2,1.0,209,0.1388704318936877
farm_rights_2,8.0,133,0.08837209302325581
farm_rights_2,9.0,78,0.051827242524916946
farm_rights_2,6.0,41,0.02724252491694352
farm_rights_2,4.0,30,0.019933554817275746
farm_rights_2,2.0,26,0.01727574750830565
farm_rights_2,11.0,24,0.015946843853820596
farm_rights_2,97.0,19,0.012624584717607974
farm_rights_2,5.0,18,0.011960132890365448
farm_rights_2,7.0,7,0.004651162790697674
farm_rights_2,3.0,3,0.0019933554817275745
farm_rights_3,,1129,0.7501661129568107
farm_rights_3,10.0,121,0.08039867109634552
farm_rights_3,1.0,99,0.06578073089700996
farm_rights_3,8.0,64,0.0425249169435216
farm_rights_3,9.0,26,0.01727574750830565
farm_rights_3,6.0,18,0.011960132890365448
farm_rights_3,4.0,16,0.0106312292358804
farm_rights_3,11.0,14,0.009302325581395349
farm_rights_3,5.0,8,0.0053156146179402
farm_rights_3,97.0,5,0.0033222591362126247
farm_rights_3,2.0,4,0.0026578073089701
farm_rights_3,3.0,1,0.000664451827242525
farm_rights_4,,1358,0.9023255813953488
farm_rights_4,10.0,57,0.03787375415282392
farm_rights_4,1.0,36,0.023920265780730896
farm_rights_4,8.0,21,0.013953488372093023
farm_rights_4,9.0,10,0.006644518272425249
farm_rights_4,4.0,8,0.0053156146179402
farm_rights_4,6.0,4,0.0026578073089701
farm_rights_4,5.0,3,0.0019933554817275745
farm_rights_4,97.0,3,0.0019933554817275745
farm_rights_4,2.0,3,0.0019933554817275745
farm_rights_4,11.0,2,0.00132890365448505
farm_rights_5,,1434,0.9528239202657808
farm_rights_5,10.0,23,0.015282392026578074
farm_rights_5,1.0,16,0.0106312292358804
farm_rights_5,8.0,13,0.008637873754152824
farm_rights_5,4.0,5,0.0033222591362126247
farm_rights_5,9.0,5,0.0033222591362126247
farm_rights_5,97.0,3,0.0019933554817275745
farm_rights_5,6.0,2,0.00132890365448505
farm_rights_5,2.0,2,0.00132890365448505
farm_rights_5,11.0,2,0.00132890365448505
fert_1,0.0,981,0.651827242524917
fert_1,1.0,512,0.3401993355481728
fert_1,,12,0.007973421926910298
fert_2,,1073,0.7129568106312293
fert_2,0.0,328,0.21794019933554817
fert_2,1.0,104,0.0691029900332226
fert_3,,1410,0.9368770764119602
fert_3,0.0,76,0.0504983388704319
fert_3,1.0,19,0.012624584717607974
fert_4,,1477,0.9813953488372092
fert_4,0.0,16,0.0106312292358804
fert_4,1.0,12,0.007973421926910298
fert_5,,1499,0.9960132890365448
fert_5,0.0,4,0.0026578073089701
fert_5,1.0,2,0.00132890365448505
fert_lqd_1,0.0,1218,0.8093023255813954
fert_lqd_1,1.0,275,0.18272425249169436
fert_lqd_1,,12,0.007973421926910298
fert_lqd_2,,1073,0.7129568106312293
fert_lqd_2,0.0,386,0.2564784053156146
fert_lqd_2,1.0,46,0.030564784053156147
fert_lqd_3,,1410,0.9368770764119602
fert_lqd_3,0.0,84,0.05581395348837209
fert_lqd_3,1.0,11,0.007308970099667774
fert_lqd_4,,1477,0.9813953488372092
fert_lqd_4,0.0,26,0.01727574750830565
fert_lqd_4,1.0,2,0.00132890365448505
fert_lqd_5,,1499,0.9960132890365448
fert_lqd_5,0.0,6,0.003986710963455149
fungicide_1,0.0,982,0.6524916943521595
fungicide_1,1.0,506,0.3362126245847176
fungicide_1,,17,0.011295681063122924
fungicide_2,,1072,0.7122923588039867
fungicide_2,0.0,320,0.21262458471760798
fungicide_2,1.0,113,0.07508305647840531
fungicide_3,,1410,0.9368770764119602
fungicide_3,0.0,77,0.05116279069767442
fungicide_3,1.0,18,0.011960132890365448
fungicide_4,,1477,0.9813953488372092
fungicide_4,0.0,19,0.012624584717607974
fungicide_4,1.0,9,0.005980066445182724
fungicide_5,,1499,0.9960132890365448
fungicide_5,1.0,3,0.0019933554817275745
fungicide_5,0.0,3,0.0019933554817275745
herbicide_1,0.0,886,0.588704318936877
herbicide_1,1.0,469,0.3116279069767442
herbicide_1,2.0,103,0.06843853820598006
herbicide_1,3.0,35,0.023255813953488372
herbicide_1,,12,0.007973421926910298
herbicide_2,,1071,0.7116279069767442
herbicide_2,0.0,303,0.20132890365448505
herbicide_2,1.0,105,0.06976744186046512
herbicide_2,2.0,23,0.015282392026578074
herbicide_2,3.0,3,0.0019933554817275745
herbicide_3,,1410,0.9368770764119602
herbicide_3,0.0,66,0.043853820598006646
herbicide_3,1.0,18,0.011960132890365448
herbicide_3,2.0,11,0.007308970099667774
herbicide_4,,1477,0.9813953488372092
herbicide_4,0.0,16,0.0106312292358804
herbicide_4,1.0,6,0.003986710963455149
herbicide_4,2.0,5,0.0033222591362126247
herbicide_4,3.0,1,0.000664451827242525
herbicide_5,,1499,0.9960132890365448
herbicide_5,0.0,4,0.0026578073089701
herbicide_5,2.0,1,0.000664451827242525
herbicide_5,1.0,1,0.000664451827242525
labor_hh_3_1,1.0,1003,0.6664451827242525
labor_hh_3_1,0.0,490,0.32558139534883723
labor_hh_3_1,,12,0.007973421926910298
labor_hh_3_2,,1071,0.7116279069767442
labor_hh_3_2,1.0,298,0.19800664451827243
labor_hh_3_2,0.0,136,0.09036544850498339
labor_hh_3_3,,1410,0.9368770764119602
labor_hh_3_3,1.0,62,0.04119601328903655
labor_hh_3_3,0.0,33,0.021926910299003323
labor_hh_3_4,,1477,0.9813953488372092
labor_hh_3_4,1.0,17,0.011295681063122924
labor_hh_3_4,0.0,11,0.007308970099667774
labor_hh_3_5,,1499,0.9960132890365448
labor_hh_3_5,1.0,5,0.0033222591362126247
labor_hh_3_5,0.0,1,0.000664451827242525
labor_hh_5_1,0.0,808,0.5368770764119601
labor_hh_5_1,1.0,685,0.45514950166112955
labor_hh_5_1,,12,0.007973421926910298
labor_hh_5_2,,1071,0.7116279069767442
labor_hh_5_2,0.0,268,0.17807308970099667
labor_hh_5_2,1.0,166,0.11029900332225914
labor_hh_5_3,,1410,0.9368770764119602
labor_hh_5_3,0.0,61,0.04053156146179402
labor_hh_5_3,1.0,34,0.022591362126245847
labor_hh_5_4,,1477,0.9813953488372092
labor_hh_5_4,1.0,15,0.009966777408637873
labor_hh_5_4,0.0,13,0.008637873754152824
labor_hh_5_5,,1499,0.9960132890365448
labor_hh_5_5,0.0,4,0.0026578073089701
labor_hh_5_5,1.0,2,0.00132890365448505
noncocoa_1,1.0,1206,0.8013289036544851
noncocoa_1,0.0,288,0.19136212624584717
noncocoa_1,,11,0.007308970099667774
noncocoa_2,,539,0.3581395348837209
noncocoa_2,1.0,498,0.3308970099667774
noncocoa_2,0.0,468,0.3109634551495017
noncocoa_3,,1067,0.7089700996677741
noncocoa_3,0.0,259,0.17209302325581396
noncocoa_3,1.0,179,0.11893687707641196
noncocoa_4,,1334,0.8863787375415283
noncocoa_4,0.0,110,0.07308970099667775
noncocoa_4,1.0,61,0.04053156146179402
noncocoa_5,,1426,0.9475083056478405
noncocoa_5,0.0,48,0.03189368770764119
noncocoa_5,1.0,31,0.020598006644518274
pest_loss_1,1.0,1229,0.8166112956810632
pest_loss_1,0.0,262,0.17408637873754154
pest_loss_1,,14,0.009302325581395349
pest_loss_2,,1072,0.7122923588039867
pest_loss_2,1.0,302,0.20066445182724252
pest_loss_2,0.0,131,0.08704318936877077
pest_loss_3,,1410,0.9368770764119602
pest_loss_3,1.0,58,0.038538205980066444
pest_loss_3,0.0,37,0.02458471760797342
pest_loss_4,,1477,0.9813953488372092
pest_loss_4,1.0,18,0.011960132890365448
pest_loss_4,0.0,10,0.006644518272425249
pest_loss_5,,1499,0.9960132890365448
pest_loss_5,1.0,4,0.0026578073089701
pest_loss_5,0.0,2,0.00132890365448505
pesticide_1,1.0,940,0.6245847176079734
pesticide_1,0.0,530,0.3521594684385382
pesticide_1,2.0,20,0.013289036544850499
pesticide_1,,12,0.007973421926910298
pesticide_1,3.0,3,0.0019933554817275745
pesticide_2,,1071,0.7116279069767442
pesticide_2,1.0,236,0.1568106312292359
pesticide_2,0.0,192,0.12757475083056477
pesticide_2,2.0,5,0.0033222591362126247
pesticide_2,3.0,1,0.000664451827242525
pesticide_3,,1410,0.9368770764119602
pesticide_3,1.0,49,0.03255813953488372
pesticide_3,0.0,44,0.029235880398671095
pesticide_3,2.0,2,0.00132890365448505
pesticide_4,,1477,0.9813953488372092
pesticide_4,1.0,15,0.009966777408637873
pesticide_4,0.0,12,0.007973421926910298
pesticide_4,2.0,1,0.000664451827242525
pesticide_5,,1499,0.9960132890365448
pesticide_5,1.0,3,0.0019933554817275745
pesticide_5,0.0,3,0.0019933554817275745
replant_1,0.0,964,0.640531561461794
replant_1,1.0,526,0.3495016611295681
replant_1,,15,0.009966777408637873
replant_2,,1071,0.7116279069767442
replant_2,0.0,335,0.22259136212624583
replant_2,1.0,99,0.06578073089700996
replant_3,,1410,0.9368770764119602
replant_3,0.0,82,0.05448504983388704
replant_3,1.0,13,0.008637873754152824
replant_4,,1477,0.9813953488372092
replant_4,0.0,23,0.015282392026578074
replant_4,1.0,5,0.0033222591362126247
replant_5,,1499,0.9960132890365448
replant_5,0.0,6,0.003986710963455149
shadetree_yn_1,1.0,1246,0.827906976744186
shadetree_yn_1,0.0,247,0.16411960132890366
shadetree_yn_1,,12,0.007973421926910298
shadetree_yn_2,,1071,0.7116279069767442
shadetree_yn_2,1.0,317,0.2106312292358804
shadetree_yn_2,0.0,117,0.07774086378737542
shadetree_yn_3,,1410,0.9368770764119602
shadetree_yn_3,1.0,59,0.03920265780730897
shadetree_yn_3,0.0,36,0.023920265780730896
shadetree_yn_4,,1477,0.9813953488372092
shadetree_yn_4,1.0,17,0.011295681063122924
shadetree_yn_4,0.0,11,0.007308970099667774
shadetree_yn_5,,1499,0.9960132890365448
shadetree_yn_5,0.0,3,0.0019933554817275745
shadetree_yn_5,1.0,3,0.0019933554817275745
