counter,pdf_var,dta_var,match_type,selected_dta_var
1,cocoa_ages_0_5_1,cocoa_ages_0_5_1,exact,cocoa_ages_0_5_1
2,cocoa_ages_6_10_1,cocoa_ages_6_10_1,exact,cocoa_ages_6_10_1
3,cocoa_ages_11_19_1,cocoa_ages_11_19_1,exact,cocoa_ages_11_19_1
4,cocoa_ages_20_30_1,cocoa_ages_20_30_1,exact,cocoa_ages_20_30_1
5,cocoa_ages_31_1,cocoa_ages_31_1,exact,cocoa_ages_31_1
6,cocoa_ages_0_5_2,cocoa_ages_0_5_2,exact,cocoa_ages_0_5_2
7,cocoa_ages_6_10_2,cocoa_ages_6_10_2,exact,cocoa_ages_6_10_2
8,cocoa_ages_11_19_2,cocoa_ages_11_19_2,exact,cocoa_ages_11_19_2
9,cocoa_ages_20_30_2,cocoa_ages_20_30_2,exact,cocoa_ages_20_30_2
10,cocoa_ages_31_2,cocoa_ages_31_2,exact,cocoa_ages_31_2
11,cocoa_ages_0_5_3,cocoa_ages_0_5_3,exact,cocoa_ages_0_5_3
12,cocoa_ages_6_10_3,cocoa_ages_6_10_3,exact,cocoa_ages_6_10_3
13,cocoa_ages_11_19_3,cocoa_ages_11_19_3,exact,cocoa_ages_11_19_3
14,cocoa_ages_20_30_3,cocoa_ages_20_30_3,exact,cocoa_ages_20_30_3
15,cocoa_ages_31_3,cocoa_ages_31_3,exact,cocoa_ages_31_3
16,cocoa_ages_0_5_4,cocoa_ages_0_5_4,exact,cocoa_ages_0_5_4
17,cocoa_ages_6_10_4,cocoa_ages_6_10_4,exact,cocoa_ages_6_10_4
18,cocoa_ages_11_19_4,cocoa_ages_11_19_4,exact,cocoa_ages_11_19_4
19,cocoa_ages_20_30_4,cocoa_ages_20_30_4,exact,cocoa_ages_20_30_4
20,cocoa_ages_31_4,cocoa_ages_31_4,exact,cocoa_ages_31_4
21,cocoa_ages_0_5_5,cocoa_ages_0_5_5,exact,cocoa_ages_0_5_5
22,cocoa_ages_6_10_5,cocoa_ages_6_10_5,exact,cocoa_ages_6_10_5
23,cocoa_ages_11_19_5,cocoa_ages_11_19_5,exact,cocoa_ages_11_19_5
24,cocoa_ages_20_30_5,cocoa_ages_20_30_5,exact,cocoa_ages_20_30_5
25,cocoa_ages_31_5,cocoa_ages_31_5,exact,cocoa_ages_31_5
26,cocoa_age_s_31,cocoa_ages_tot_3 | cocoa_ages_31_3 | cocoa_ages_20_30_1 | cocoa_ages_0_5_1 | cocoa_ages_31_1 | cocoa_ages_tot_1 | cocoa_ages_31_4 | cocoa_ages_0_5_3 | cocoa_ages_6_10_1 | cocoa_ages_31_5 | cocoa_ages_31_2 | cocoa_ages_6_10_2 | cocoa_ages_6_10_5 | cocoa_ages_6_10_4 | cocoa_ages_6_10_3,fuzzy,cocoa_ages_tot_3 | cocoa_ages_31_3 | cocoa_ages_20_30_1 | cocoa_ages_0_5_1 | cocoa_ages_31_1 | cocoa_ages_tot_1 | cocoa_ages_31_4 | cocoa_ages_0_5_3 | cocoa_ages_6_10_1 | cocoa_ages_31_5 | cocoa_ages_31_2 | cocoa_ages_6_10_2 | cocoa_ages_6_10_5 | cocoa_ages_6_10_4 | cocoa_ages_6_10_3
27,fert,fert_lqd_buy | fert_lqd_cons | fert_buy | fert_cons | fert_lqd_used_2 | fert_cost | fert_size | fert_lqd_cost | fert_lqd_2 | fert_lqd_used_1 | fert_total_1 | fert_total_3 | fert_total_2 | fert_lqd_3 | fert_lqd_1,fuzzy,fert_lqd_buy | fert_lqd_cons | fert_buy | fert_cons | fert_lqd_used_2 | fert_cost | fert_size | fert_lqd_cost | fert_lqd_2 | fert_lqd_used_1 | fert_total_1 | fert_total_3 | fert_total_2 | fert_lqd_3 | fert_lqd_1
28,fert_lqd,fert_lqd_4 | fert_lqd_buy | fert_lqd_cons | fert_lqd_used_2 | fert_lqd_cost | fert_lqd_2 | fert_lqd_used_1 | fert_lqd_3 | fert_lqd_used_4 | fert_lqd_1 | fert_lqd_5 | fert_lqd_used_dk | fert_lqd_used_3,fuzzy,fert_lqd_4 | fert_lqd_buy | fert_lqd_cons | fert_lqd_used_2 | fert_lqd_cost | fert_lqd_2 | fert_lqd_used_1 | fert_lqd_3 | fert_lqd_used_4 | fert_lqd_1 | fert_lqd_5 | fert_lqd_used_dk | fert_lqd_used_3
29,herbicide,herbicide_num_app_liq_3 | herbicide_num_app_liq_1 | herbicide_3 | herbicide_area_app_2 | herbicide_given | herbicide_num_app_2 | herbicide_num_app_3 | herbicide_num_app_liq_2 | herbicide_buy_cnt | herbicide_num_app_1 | herbicide_5 | herbicide_4 | herbicide_2 | herbicide_1 | herbicide_area_app_1,fuzzy,herbicide_num_app_liq_3 | herbicide_num_app_liq_1 | herbicide_3 | herbicide_area_app_2 | herbicide_given | herbicide_num_app_2 | herbicide_num_app_3 | herbicide_num_app_liq_2 | herbicide_buy_cnt | herbicide_num_app_1 | herbicide_5 | herbicide_4 | herbicide_2 | herbicide_1 | herbicide_area_app_1
30,pesticide,pesticide_buy_cnt | pesticide_area_app_1 | pesticide_num_app_1 | pesticide_num_app_2 | pesticide_5 | pesticide_3 | pesticide_1 | pesticide_given | pesticide_4 | pesticide_num_app_gran_2 | pesticide_area_app_2 | pesticide_num_app_3 | pesticide_num_app_gran_3 | pesticide_num_app_gran_1 | pesticide_2,fuzzy,pesticide_buy_cnt | pesticide_area_app_1 | pesticide_num_app_1 | pesticide_num_app_2 | pesticide_5 | pesticide_3 | pesticide_1 | pesticide_given | pesticide_4 | pesticide_num_app_gran_2 | pesticide_area_app_2 | pesticide_num_app_3 | pesticide_num_app_gran_3 | pesticide_num_app_gran_1 | pesticide_2
31,fungicide,fungicide_num_app_1 | fungicide_tree_app_4 | fungicide_tree_app_1 | fungicide_num_app_2 | fungicide_given | fungicide_tree_app_2 | fungicide_num_app_4 | fungicide_2 | fungicide_tree_app_3 | fungicide_1 | fungicide_5 | fungicide_num_app_3 | fungicide_4 | fungicide_3 | fungicide_buy_cnt,fuzzy,fungicide_num_app_1 | fungicide_tree_app_4 | fungicide_tree_app_1 | fungicide_num_app_2 | fungicide_given | fungicide_tree_app_2 | fungicide_num_app_4 | fungicide_2 | fungicide_tree_app_3 | fungicide_1 | fungicide_5 | fungicide_num_app_3 | fungicide_4 | fungicide_3 | fungicide_buy_cnt
32,labor_hh,labor_hh_5_1 | labor_hh_1 | labor_hh_6_1 | labor_hh_1_2 | labor_hh_2_1 | labor_hh_4 | labor_hh_2_2 | labor_hh_5 | labor_hh_3 | labor_hh_2 | labor_hh_3_2 | labor_hh_0_1 | labor_hh_1_1 | labor_hh_4_1 | labor_hh_3_1,fuzzy,labor_hh_5_1 | labor_hh_1 | labor_hh_6_1 | labor_hh_1_2 | labor_hh_2_1 | labor_hh_4 | labor_hh_2_2 | labor_hh_5 | labor_hh_3 | labor_hh_2 | labor_hh_3_2 | labor_hh_0_1 | labor_hh_1_1 | labor_hh_4_1 | labor_hh_3_1
33,econstatus,econstatus,exact,econstatus
34,femhead,femhead,exact,femhead
35,hhmem_edu_level,hhmem_edu_level_6 | hhmem_edu_level_4 | hhmem_edu_level_1 | hhmem_edu_levelo_7 | hhmem_edu_level_7 | hhmem_edu_level_5 | hhmem_edu_levelo_6 | hhmem_edu_level_2 | hhmem_edu_level_8 | hhmem_edu_levelo_1 | hhmem_edu_levelo_5 | hhmem_edu_levelo_3 | hhmem_edu_levelo_4 | hhmem_edu_level_9 | hhmem_edu_level_3,fuzzy,hhmem_edu_level_6 | hhmem_edu_level_4 | hhmem_edu_level_1 | hhmem_edu_levelo_7 | hhmem_edu_level_7 | hhmem_edu_level_5 | hhmem_edu_levelo_6 | hhmem_edu_level_2 | hhmem_edu_level_8 | hhmem_edu_levelo_1 | hhmem_edu_levelo_5 | hhmem_edu_levelo_3 | hhmem_edu_levelo_4 | hhmem_edu_level_9 | hhmem_edu_level_3
36,cocoa_training,cocoa_training,exact,cocoa_training
37,hhmem_size,hhmem_size,exact,hhmem_size
38,landuscha,landinha | landuse_a | landuse_u | landoutha | landuseha | landout_a,fuzzy,landinha | landuse_a | landuse_u | landoutha | landuseha | landout_a
39,lead_vill,lead_vill,exact,lead_vill
40,cocoa_variety,cocoa_variety_2_1 | cocoa_variety_4_1 | cocoa_variety_5 | cocoa_variety_2 | cocoa_variety_4_2 | cocoa_variety_3_1 | cocoa_variety_2_2 | cocoa_variety_1 | cocoa_variety_4 | cocoa_variety_1_2 | cocoa_variety_1_1 | cocoa_variety_3_2 | cocoa_variety_5_2 | cocoa_variety_3 | cocoa_variety_5_1,fuzzy,cocoa_variety_2_1 | cocoa_variety_4_1 | cocoa_variety_5 | cocoa_variety_2 | cocoa_variety_4_2 | cocoa_variety_3_1 | cocoa_variety_2_2 | cocoa_variety_1 | cocoa_variety_4 | cocoa_variety_1_2 | cocoa_variety_1_1 | cocoa_variety_3_2 | cocoa_variety_5_2 | cocoa_variety_3 | cocoa_variety_5_1
41,cocoa_intercrop,cocoa_u | cocoa_4 | cocoa_intercrop_2 | cocoa_intercrop_5 | cocoa_intercrop_1 | cocoa_intercrop_3 | cocoa_1 | cocoa_5 | cocoa_unit | cocoa_2 | cocoa_intercrop_4 | cocoa_3,fuzzy,cocoa_u | cocoa_4 | cocoa_intercrop_2 | cocoa_intercrop_5 | cocoa_intercrop_1 | cocoa_intercrop_3 | cocoa_1 | cocoa_5 | cocoa_unit | cocoa_2 | cocoa_intercrop_4 | cocoa_3
42,farm_rights,farm_rights_1 | farm_decrights_2 | farm_decrights_1 | farm_decrights_1_1 | farm_rights_4 | farm_decrights_3 | farm_decrights_4 | farm_decrights_2_1 | farm_decrights_1_2 | farm_decrights_4_1 | farm_decrights_5 | farm_rights_2 | farm_rights_5 | farm_rights_3 | farm_decrights_3_1,fuzzy,farm_rights_1 | farm_decrights_2 | farm_decrights_1 | farm_decrights_1_1 | farm_rights_4 | farm_decrights_3 | farm_decrights_4 | farm_decrights_2_1 | farm_decrights_1_2 | farm_decrights_4_1 | farm_decrights_5 | farm_rights_2 | farm_rights_5 | farm_rights_3 | farm_decrights_3_1
43,disease_loss,disease_1 | disease_loss_2 | disease_loss_3 | disease_loss_4 | disease_location_1_2 | disease_location_2_1 | disease_location_1_3 | disease_location_1_1 | disease_location_3_1 | disease_loss_5 | disease_2 | disease_location_2_2 | disease_location_2_3 | disease_3 | disease_loss_1,fuzzy,disease_1 | disease_loss_2 | disease_loss_3 | disease_loss_4 | disease_location_1_2 | disease_location_2_1 | disease_location_1_3 | disease_location_1_1 | disease_location_3_1 | disease_loss_5 | disease_2 | disease_location_2_2 | disease_location_2_3 | disease_3 | disease_loss_1
44,pest_loss,pest_3 | pest_2 | pest_1 | pest_4 | pest_loss_4 | pest_loss_2 | pest_loss_3 | pest_loss_5 | pest_5 | pest_loss_1,fuzzy,pest_3 | pest_2 | pest_1 | pest_4 | pest_loss_4 | pest_loss_2 | pest_loss_3 | pest_loss_5 | pest_5 | pest_loss_1
45,replant,replant_finance_2_1 | replant_finance_5_1 | replant_finance_4_1 | replant_finance_6_1 | replant_finance_1_1 | replant_3 | replant_num_1 | replant_finance_1 | replant_4 | replant_2 | replant_finance_7_1 | replant_imprv_1 | replant_5 | replant_1 | replant_finance_3_1,fuzzy,replant_finance_2_1 | replant_finance_5_1 | replant_finance_4_1 | replant_finance_6_1 | replant_finance_1_1 | replant_3 | replant_num_1 | replant_finance_1 | replant_4 | replant_2 | replant_finance_7_1 | replant_imprv_1 | replant_5 | replant_1 | replant_finance_3_1
46,farm_tenure,farm_num | farm_tenure_5 | farm_tenure_2 | farm_tenure_4 | farm_tenure_1 | farm_tenure_3,fuzzy,farm_num | farm_tenure_5 | farm_tenure_2 | farm_tenure_4 | farm_tenure_1 | farm_tenure_3
47,shadetree_yn,shadetree_num_5 | shadetree_num_4 | shadetree_yn_2 | shadetree_5 | shadetree_3 | shadetree_1 | shadetree_yn_4 | shadetree_num_2 | shadetree_num_3 | shadetree_yn_3 | shadetree_4 | shadetree_num_1 | shadetree_2 | shadetree_yn_5 | shadetree_yn_1,fuzzy,shadetree_num_5 | shadetree_num_4 | shadetree_yn_2 | shadetree_5 | shadetree_3 | shadetree_1 | shadetree_yn_4 | shadetree_num_2 | shadetree_num_3 | shadetree_yn_3 | shadetree_4 | shadetree_num_1 | shadetree_2 | shadetree_yn_5 | shadetree_yn_1
48,doc_land,doc_land_1 | doc_land_list_1_1 | doc_land_list_8_1 | doc_land_list_9_1 | doc_land_list_2_1 | doc_land_list_1 | doc_land_list_7_1 | doc_land_list_10_1 | doc_land_list_5_1 | doc_land_4 | doc_land_list_3_1 | doc_land_2 | doc_land_5 | doc_land_3 | doc_land_list_4_1,fuzzy,doc_land_1 | doc_land_list_1_1 | doc_land_list_8_1 | doc_land_list_9_1 | doc_land_list_2_1 | doc_land_list_1 | doc_land_list_7_1 | doc_land_list_10_1 | doc_land_list_5_1 | doc_land_4 | doc_land_list_3_1 | doc_land_2 | doc_land_5 | doc_land_3 | doc_land_list_4_1
49,farm_swamp,farm_swamp_4 | farm_swamp_5 | farm_swamp_3 | farm_swamp_1 | farm_swamp_2,fuzzy,farm_swamp_4 | farm_swamp_5 | farm_swamp_3 | farm_swamp_1 | farm_swamp_2
50,village,village,exact,village
51,shade_planted,shade_planted_1_4 | shade_planted_2_3 | shade_planted_2_6 | shade_planted_2_5 | shade_planted_1_6 | shade_planted_1_3 | shade_planted_1_1 | shade_planted_1_7 | shade_planted_1_8 | shade_planted_1_5 | shade_planted_1_9 | shade_planted_2_2 | shade_planted_2_4 | shade_planted_1_2 | shade_planted_2_1,fuzzy,shade_planted_1_4 | shade_planted_2_3 | shade_planted_2_6 | shade_planted_2_5 | shade_planted_1_6 | shade_planted_1_3 | shade_planted_1_1 | shade_planted_1_7 | shade_planted_1_8 | shade_planted_1_5 | shade_planted_1_9 | shade_planted_2_2 | shade_planted_2_4 | shade_planted_1_2 | shade_planted_2_1
52,shade_pct,shade_pct_1_3 | shade_pct_2_3 | shade_pct_2_1 | shade_pct_2_5 | shade_pct_1_1 | shade_pct_2_6 | shade_pct_1_9 | shade_pct_1_6 | shade_pct_2_4 | shade_pct_2_2 | shade_pct_1_8 | shade_pct_1_2 | shade_pct_1_5 | shade_pct_1_7 | shade_pct_1_4,fuzzy,shade_pct_1_3 | shade_pct_2_3 | shade_pct_2_1 | shade_pct_2_5 | shade_pct_1_1 | shade_pct_2_6 | shade_pct_1_9 | shade_pct_1_6 | shade_pct_2_4 | shade_pct_2_2 | shade_pct_1_8 | shade_pct_1_2 | shade_pct_1_5 | shade_pct_1_7 | shade_pct_1_4
53,noncocoa_whyno,noncocoa_whyno_3 | noncocoa_whyno_8_1 | noncocoa_whyno_4_1 | noncocoa_whyno_7_1 | noncocoa_whyno_1 | noncocoa_whyno_9_1 | noncocoa_whyno_3_1 | noncocoa_whyno_5 | noncocoa_whyno_2 | noncocoa_whyno_6_1 | noncocoa_whyno_1_2 | noncocoa_whyno_2_1 | noncocoa_whyno_1_1 | noncocoa_whyno_4 | noncocoa_whyno_5_1,fuzzy,noncocoa_whyno_3 | noncocoa_whyno_8_1 | noncocoa_whyno_4_1 | noncocoa_whyno_7_1 | noncocoa_whyno_1 | noncocoa_whyno_9_1 | noncocoa_whyno_3_1 | noncocoa_whyno_5 | noncocoa_whyno_2 | noncocoa_whyno_6_1 | noncocoa_whyno_1_2 | noncocoa_whyno_2_1 | noncocoa_whyno_1_1 | noncocoa_whyno_4 | noncocoa_whyno_5_1
54,noncocoa_ben,noncocoa_ben,exact,noncocoa_ben
55,shade_why1,shade_why1,exact,shade_why1
56,shade_seeding,shade_seedling_2_4 | shade_seedling_2_3 | shade_seedling_1_5 | shade_seedling_1_9 | shade_seedling_2_6 | shade_seedling_2_5 | shade_seedling_1_3 | shade_seedling_1_6 | shade_seedling_2_1 | shade_seedling_1_1 | shade_seedling_1_8 | shade_seedling_1_2 | shade_seedling_2_2 | shade_seedling_1_7 | shade_seedling_1_4,fuzzy,shade_seedling_2_4 | shade_seedling_2_3 | shade_seedling_1_5 | shade_seedling_1_9 | shade_seedling_2_6 | shade_seedling_2_5 | shade_seedling_1_3 | shade_seedling_1_6 | shade_seedling_2_1 | shade_seedling_1_1 | shade_seedling_1_8 | shade_seedling_1_2 | shade_seedling_2_2 | shade_seedling_1_7 | shade_seedling_1_4
57,challenge_reason1,challenge_reason1,exact,challenge_reason1
58,motivate_plant,motivate_plant,exact,motivate_plant
59,region,region,exact,region
60,community_type,community_type,exact,community_type
61,cocoa_price,cocoa_price,exact,cocoa_price
62,ethnicity,ethnicity,exact,ethnicity
63,income_mining,income_mining,exact,income_mining
64,landclear_forest,landclear_forest,exact,landclear_forest
65,clear_forest_type,clear_forest_type,exact,clear_forest_type
66,farm_reserve,farm_reserve_2 | farm_reserve_5 | farm_reserve_3 | farm_reserve_1 | farm_reserve_4,fuzzy,farm_reserve_2 | farm_reserve_5 | farm_reserve_3 | farm_reserve_1 | farm_reserve_4
67,hrank_gold,hrank_gold,exact,hrank_gold
68,proximity_mining,NOT FOUND,none,NOT FOUND
69,encroach_arm,encroach_landloard_1 | encroach_family_4 | fencroach_arm_2 | encroach_family_3 | encroach_family_2 | w_encroach_family | encroach_family_5 | fencroach_arm_1 | fencroach_arm_3 | w_fencroach_arm_1 | encroach_family_1 | encroach_landloard_2 | encroach_landloard_4 | encroach_landloard_3 | w_fencroach_arm_2,fuzzy,encroach_landloard_1 | encroach_family_4 | fencroach_arm_2 | encroach_family_3 | encroach_family_2 | w_encroach_family | encroach_family_5 | fencroach_arm_1 | fencroach_arm_3 | w_fencroach_arm_1 | encroach_family_1 | encroach_landloard_2 | encroach_landloard_4 | encroach_landloard_3 | w_fencroach_arm_2
70,clearfut_amt,clearfut_amt,exact,clearfut_amt
71,income_proximity,income_proximity,exact,income_proximity
72,trade_restrict1,trade_restrict1,exact,trade_restrict1
73,adultm_num,adultm_num,exact,adultm_num
74,landallha,landallha,exact,landallha
75,cocoa_num,cocoa_num_1 | cocoa_yn_3 | cocoa_num_5 | cocoa_num_3 | noncocoa_num_4 | cocoa_u | cocoa_yn_4 | noncocoa_num_1 | noncocoa_num_3 | cocoa_yn_1 | cocoa_num_4 | cocoa_num_2 | noncocoa_num_2 | cocoa_yn_2 | noncocoa_num_5,fuzzy,cocoa_num_1 | cocoa_yn_3 | cocoa_num_5 | cocoa_num_3 | noncocoa_num_4 | cocoa_u | cocoa_yn_4 | noncocoa_num_1 | noncocoa_num_3 | cocoa_yn_1 | cocoa_num_4 | cocoa_num_2 | noncocoa_num_2 | cocoa_yn_2 | noncocoa_num_5
76,farm_dist,farm_fish_3 | farm_fish_1 | farm_fish_2 | farm_frst_4 | farm_unit_5 | farm_frst_1 | farm_unit_1 | farm_unit_3 | farm_frst_2 | farm_frst_3 | farm_fish_5 | farm_frst_5 | farm_fish_4 | farm_unit_2 | farm_unit_4,fuzzy,farm_fish_3 | farm_fish_1 | farm_fish_2 | farm_frst_4 | farm_unit_5 | farm_frst_1 | farm_unit_1 | farm_unit_3 | farm_frst_2 | farm_frst_3 | farm_fish_5 | farm_frst_5 | farm_fish_4 | farm_unit_2 | farm_unit_4
77,radio,radio,exact,radio
78,mobphone,mobphone,exact,mobphone
79,exp_edu,exp_edu,exact,exp_edu
80,forest_access,w_forest_noaccess_1 | forest_access_3 | forest_calc_1 | lose_access_4 | lose_access_3 | forest_noaccess_3 | lose_access_1 | forest_noaccess_1 | forest_noaccess_2 | w_forest_noaccess_2 | forest_access_1 | lose_access_2 | forest_access_2 | lose_access_5,fuzzy,w_forest_noaccess_1 | forest_access_3 | forest_calc_1 | lose_access_4 | lose_access_3 | forest_noaccess_3 | lose_access_1 | forest_noaccess_1 | forest_noaccess_2 | w_forest_noaccess_2 | forest_access_1 | lose_access_2 | forest_access_2 | lose_access_5
81,rules_familiar,rules_familiar_2 | w_rule_fair_2 | rules_familiar_1 | w_rules_familiar_2 | w_rules_familiar_1 | rules_familiar_3 | rule_fair | w_rule_fair_1,fuzzy,rules_familiar_2 | w_rule_fair_2 | rules_familiar_1 | w_rules_familiar_2 | w_rules_familiar_1 | rules_familiar_3 | rule_fair | w_rule_fair_1
82,flmb_effective,flmb_effective,exact,flmb_effective
83,rate_health,rate_health_7 | rate_health_1 | rate_health_2 | rate_health_5 | rate_health_3 | rate_health_6 | rate_health_8 | rate_health_13 | rate_health_11 | rate_health_4 | rate_health_10 | rate_health_14 | rate_health_12 | rate_health_9 | rate_health_15,fuzzy,rate_health_7 | rate_health_1 | rate_health_2 | rate_health_5 | rate_health_3 | rate_health_6 | rate_health_8 | rate_health_13 | rate_health_11 | rate_health_4 | rate_health_10 | rate_health_14 | rate_health_12 | rate_health_9 | rate_health_15
84,cf_income,w_cf_income_1 | cf_income_1 | w_cf_income_2 | cf_income_3 | cf_income_2,fuzzy,w_cf_income_1 | cf_income_1 | w_cf_income_2 | cf_income_3 | cf_income_2
85,fforcond,fforcondchng_1 | fforcond_1 | w_fforcond_2 | flmb_forcon | fforcondchng_3 | w_fforcond_1 | fforcond_3 | fforcond_2 | fforcondchng_2,fuzzy,fforcondchng_1 | fforcond_1 | w_fforcond_2 | flmb_forcon | fforcondchng_3 | w_fforcond_1 | fforcond_3 | fforcond_2 | fforcondchng_2
86,trust_lmb,trust_lmb,exact,trust_lmb
87,comsvc_ben_yn,comsvc_ben_yn,exact,comsvc_ben_yn
88,land_title,land_title_4_2 | land_title_5_2 | land_title_2_1 | land_title_5_1 | land_title_4_1 | land_title_3_2 | land_title_2 | land_title_1_1 | land_title_2_2 | land_title_5 | land_title_1 | land_title_3_1 | land_title_4 | land_title_1_2 | land_title_3,fuzzy,land_title_4_2 | land_title_5_2 | land_title_2_1 | land_title_5_1 | land_title_4_1 | land_title_3_2 | land_title_2 | land_title_1_1 | land_title_2_2 | land_title_5 | land_title_1 | land_title_3_1 | land_title_4 | land_title_1_2 | land_title_3
89,lmb_comparison,NOT FOUND,none,NOT FOUND
90,fert_total,fert_total_5 | fert_2 | fert_3 | fert_4 | fert_5 | fert_total_1 | fert_total_3 | fert_total_2 | fert_total_4 | fert_1 | fert_total_dk,fuzzy,fert_total_5 | fert_2 | fert_3 | fert_4 | fert_5 | fert_total_1 | fert_total_3 | fert_total_2 | fert_total_4 | fert_1 | fert_total_dk
91,cocoa_produce_main,cocoa_produce_main,exact,cocoa_produce_main
92,cocoa_produce_light,cocoa_produce_light,exact,cocoa_produce_light
93,encroach_family,encroach_family_4 | fencroach_arm_2 | encroach_family_2 | w_encroach_family | encroach_family_5 | encroach_family_1 | fencroach_arm_1 | fencroach_arm_3 | w_fencroach_arm_1 | w_fencroach_arm_2 | encroach_family_3,fuzzy,encroach_family_4 | fencroach_arm_2 | encroach_family_2 | w_encroach_family | encroach_family_5 | encroach_family_1 | fencroach_arm_1 | fencroach_arm_3 | w_fencroach_arm_1 | w_fencroach_arm_2 | encroach_family_3
94,right_sell,right_lease_4 | right_sell_2 | right_sell_1 | right_lease_3 | right_lease_2 | right_sell_4 | right_sell_5 | right_sell_3 | right_lease_5 | right_lease_1,fuzzy,right_lease_4 | right_sell_2 | right_sell_1 | right_lease_3 | right_lease_2 | right_sell_4 | right_sell_5 | right_sell_3 | right_lease_5 | right_lease_1
95,worry,worry_5 | worry_reason_5_1 | worry_reason_1 | worry_reason_8_1 | worry_reason_1_1 | worry_2 | worry_4 | worry_reason_2_1 | worry_3 | worry_1 | worry_reason_3_1 | w_worry | worry_reason_4_1 | worry_reason_7_1 | worry_reason_6_1,fuzzy,worry_5 | worry_reason_5_1 | worry_reason_1 | worry_reason_8_1 | worry_reason_1_1 | worry_2 | worry_4 | worry_reason_2_1 | worry_3 | worry_1 | worry_reason_3_1 | w_worry | worry_reason_4_1 | worry_reason_7_1 | worry_reason_6_1
96,conflict_land,conflict_land_5 | conflict_landwho_1_1 | conflict_land_3 | conflict_land_num_2 | conflict_landwho_oth_1_2 | conflict_land_4 | conflict_land_1 | conflict_landwho_oth_2_1 | conflict_land_2 | conflict_land_num_1 | conflict_landwho_oth_3_1 | conflict_landwho_oth_1_1 | conflict_landwho_oth_2_2 | conflict_land_num_3 | conflict_land_num_4,fuzzy,conflict_land_5 | conflict_landwho_1_1 | conflict_land_3 | conflict_land_num_2 | conflict_landwho_oth_1_2 | conflict_land_4 | conflict_land_1 | conflict_landwho_oth_2_1 | conflict_land_2 | conflict_land_num_1 | conflict_landwho_oth_3_1 | conflict_landwho_oth_1_1 | conflict_landwho_oth_2_2 | conflict_land_num_3 | conflict_land_num_4
